family,model,accuracy,precision_ransomware,recall_ransomware,f1_ransomware,false_positive_rate,false_negative_rate,tn,fp,fn,tp,train_rows,test_rows
Akira,Random Forest,0.97075,0.9599413776257938,0.9825,0.9710896960711638,0.041,0.0175,19180,820,350,19650,200000,40000
Akira,XGBoost,0.973525,0.9589087561176528,0.98945,0.9739400054137854,0.0424,0.01055,19152,848,211,19789,200000,40000
LockBit,Random Forest,0.965425,0.9602927359936706,0.971,0.9656166869701415,0.04015,0.029,19197,803,580,19420,200000,40000
LockBit,XGBoost,0.9673,0.9592628992628993,0.97605,0.9675836431226765,0.04145,0.02395,19171,829,479,19521,200000,40000
